EOM_GHz,TPD_GABES_MHz,seed_uW,probe_uW,conjugate_uW,gain_measured,gain_exact_corrected,conjugate_gain_exact_corrected,gain_exact_uncorrected,gain_UI_Fast,gain_UI_Balanced,residual_measured_minus_sim,simulation_minus_measured_pct,measured_over_sim
3.039,-3.267561000000363,3.7,49.7,47.5,13.432432432432433,6.350868944635108,5.477417910437493,80.96203225409613,6.36663434573844,6.366806126414018,7.081563487797325,-52.71988914456761,2.115054262579213
3.038,-2.267561000000029,3.7,56.2,55.0,15.18918918918919,6.804488200669469,5.940884085130408,90.33968197466943,6.819282460800053,6.819456944026916,8.384700988519722,-55.20176807388428,2.2322309542244163
3.037,-1.2675610000001392,3.7,91.0,90.0,24.594594594594593,7.285814821686059,6.4328814600973185,100.84541366457483,7.311206858947531,7.311304394640518,17.308779772908533,-70.37635731841931,3.3756820886236847
3.036,-0.2675610000002493,3.8,121.0,121.0,31.842105263157897,7.794256862094206,6.952871136769431,112.61555052641431,7.803131257095009,7.803151845254121,24.047848401063693,-75.52216853226614,4.085329214388039
3.035,0.7324389999996406,3.7,175.0,175.0,47.2972972972973,8.328556853883065,7.499646871892604,125.80180117115366,8.34516929229944,8.34516929229944,38.968740443414234,-82.39105122321867,5.6789307111766485
3.034,1.7324389999999745,3.7,215.0,215.0,58.108108108108105,8.886629624261426,8.071171009694345,140.57247664357683,8.905513909819664,8.905513909819664,49.22147848384668,-84.70673041406172,6.538824117240907
3.033,2.7324389999998644,3.7,280.0,280.0,75.67567567567568,9.465374691909396,8.664384441625169,157.11359615104337,9.465858527339641,9.465858527339641,66.21030098376627,-87.492183442834,7.995000529705397
3.032,3.7324389999997543,3.8,353.0,353.0,92.89473684210527,10.060462495902927,9.274989733014513,175.62977884269947,10.067937828659426,10.067937828659426,82.83427434620235,-89.17004037268241,9.233644763343255
3.031,4.732438999999644,3.7,400.0,400.0,108.1081081081081,10.66609523772588,9.897208070180195,196.34477842333553,10.670763133326215,10.670763133326215,97.44201287038221,-90.13386190510356,10.13567811824244
3.03,5.732438999999978,3.7,439.0,450.0,118.64864864864865,11.274745494846163,10.523513050881293,219.50146376319637,11.27018701743178,11.27018701743178,107.37390315380249,-90.49736712279481,10.523399282306153
