temperature_C,raw_RMSE,scale_a,scale_RMSE,affine_a,affine_b,affine_RMSE,start_gain,end_gain
113.0,65.83847061631464,17.674617630936275,27.546970710532772,67.95328251309496,-182.3664806463854,3.580675297827997,2.775874447003713,4.45571129845573
113.5,65.56962177532056,16.39118812352776,27.26552001072653,61.08343125095621,-175.25286167577528,3.608822952776794,2.969896416728611,4.837898782136221
114.0,65.26804866004062,15.1539381018965,27.001201773937225,54.88576653559778,-168.9339819388928,3.6416385076780977,3.1880400680600656,5.266044442825364
114.5,64.92940290323689,13.96705122481825,26.755867077147318,49.297387690210556,-163.35385932088914,3.6798038752695073,3.4337070329209585,5.746131193399148
115.0,64.54871032954298,12.833939384927795,26.531249958412506,44.26107118185688,-158.46343973591797,3.724104412449819,3.710843889965587,6.2849830214199764
115.5,64.12029165497859,11.757275883779643,26.328912300099038,39.72472406111533,-154.21920644376874,3.7754177317241875,4.024020921170612,6.8903759906410365
116.0,63.63764488838053,10.738947684113375,26.150290500577842,35.640988790789784,-150.58390399811427,3.8347476458772554,4.378560248336205,7.571193634532892
116.5,63.093341755448414,9.780124823812175,25.996642637036615,31.9667721370985,-147.52519849006325,3.903210610268872,4.780649855323634,8.337576828530862
117.0,62.4788786037366,8.881256833245184,25.869112791384712,28.662931078359605,-145.0166034077029,3.9820755761414963,5.23752332096819,9.201128673315571
117.5,61.784546112998356,8.04216693232666,25.768677873578252,25.69386537511031,-143.03618385545468,4.07274792923509,5.7576258931968995,10.175117106500432
118.0,60.999248529358844,7.2620793980580824,25.696227235622228,23.027269671868456,-141.56770541418092,4.176817354996324,6.350868944635108,11.274745494846163
118.5,60.11035320206316,6.539724616377983,25.652505680181537,20.633780003004176,-140.59938286824055,4.296040258474862,7.028873413772937,12.517426802454967
119.0,59.10349443880716,5.873383139901724,25.63820546051484,18.486779879318537,-140.12529012892017,4.432399688308127,7.805333481682912,13.923141392437838
119.5,57.962438561688344,5.260988894796353,25.65390196859326,16.56209259132335,-140.14416422396843,4.58808936211666,8.696375847440827,15.514808223641623
120.0,56.668940353924434,4.700177783858359,25.700155438543668,14.837831249382038,-140.66113707288855,4.765592901929246,9.721084559109757,17.318758242739964
120.5,55.20274998049256,4.188379788565164,25.777436331350984,13.2941299914004,-141.6866193820822,4.9676760290994295,10.902035030104603,19.365236970459634
121.0,53.54175215625164,3.722863626737672,25.886234711971106,11.9130296777494,-143.2384449019414,5.197497212455564,12.26605892356709,21.689030713370745
121.5,51.662533196895666,3.300812559250772,26.02697308786357,10.678242006411516,-145.34087502868678,5.458619817743244,13.845043829265164,24.33014666124981
122.0,49.541573716525875,2.9193603989338683,26.200122196533105,9.575063832904924,-148.02727988547494,5.7551737434793235,15.677059171302032,27.334640319215616
122.5,47.157814956220626,2.5756494052799606,26.406099747398837,8.590168652303367,-151.33931086566318,6.091907846061997,17.807562993347606,30.755534595844534
123.0,44.49766740331701,2.266856014840075,26.645392017737876,7.711543139722045,-155.33025669172977,6.474435013336143,20.291076053027464,34.653910579233006
