EOM_GHz,measured_probe_gain,measured_conjugate_gain,exact_Fast_probe,exact_Balanced_probe,UI_Fast_probe,UI_Balanced_probe,exact_Balanced_conjugate
3.039,13.432432432432433,12.837837837837837,14.466969980794236,14.466969980794236,14.466981749810824,14.466969980794236,13.537543736075921
3.038,15.18918918918919,14.864864864864865,15.666047992686666,15.666047992686666,15.6660290915056,15.66604799266861,14.683009302648609
3.037,24.594594594594593,24.324324324324323,22.70037091449809,22.70037091449809,22.700076755346885,22.700370914455416,22.534550362905392
3.036,31.842105263157897,31.842105263157897,34.29451689294493,34.29451689294493,34.29451689294493,34.29451689294493,34.185034510316996
3.035,47.2972972972973,47.2972972972973,46.47830896526899,46.47830896526899,46.47830896531933,46.47830896531933,46.435666244059135
3.034,58.108108108108105,58.108108108108105,59.204198353442045,59.204198353442045,59.204010442136564,59.204198353396706,59.240791434268196
3.033,75.67567567567568,75.67567567567568,72.40148391487233,72.40148391487233,72.40148112379619,72.40148391487233,72.53187007453282
3.032,92.89473684210527,92.89473684210527,85.97143746170927,85.97143746170927,85.9714374617287,85.9714374617287,86.2126171871046
3.031,108.1081081081081,108.1081081081081,99.78185017360363,99.78185017360363,99.78185017360977,99.78185017360977,100.15355716845383
3.03,118.64864864864865,121.62162162162161,113.66107213038919,113.66107213038919,113.6609535313784,113.66107213038919,114.18605930550316
