rf_dBm,wanted_unfiltered_W,carrier_to_wanted_unfiltered,wanted_at_cell_W,carrier_at_cell_W,other_sidebands_at_cell_W,carrier_to_wanted_at_cell,other_to_wanted_at_cell,cell_spectral_purity
6.0,8.845667750212909e-05,18.71338346822321,1.1411727484962849e-06,3.642219147162213e-08,1.3286436261048358e-09,0.03191645745099977,0.0011642791399072401,0.9679785563516835
6.25,9.341431448619937e-05,17.61114076089237,1.205130839427545e-06,3.619795639272787e-08,1.4057489754211732e-09,0.0300365364560104,0.0011664700042768176,0.9697411603100394
6.5,9.863191325873381e-05,16.570587837411832,1.2724426772665892e-06,3.59615585852566e-08,1.4872271147637369e-09,0.028261829965109148,0.0011687969456970267,0.9714107719923548
6.75,0.00010412090723629927,15.588275839367581,1.3432557636354186e-06,3.5712409996261416e-08,1.573313591065076e-09,0.026586455806159,0.0011712688183872174,0.9729919571904103
7.0,0.00010989295123589741,14.66094897426053,1.4177204564259016e-06,3.544990307597504e-08,1.6642551012940005e-09,0.02500486108900825,0.0011738951030512864,0.9744890877597159
7.25,0.00011595988414922288,13.785533726535629,1.4959894882632728e-06,3.517341134156517e-08,1.7603098233592435e-09,0.023511803804449696,0.0011766859574680742,0.9759063461641362
7.5,0.00012233368419438972,12.959128673150994,1.5782173892121155e-06,3.488229015609419e-08,1.8617477287848948e-09,0.022102335454248338,0.0011796522719308806,0.9772477303368607
7.75,0.00012902641583817923,12.178994869981688,1.6645598020243928e-06,3.457587775260609e-08,1.968850871914703e-09,0.020771784654751265,0.0011828057300916671,0.9785170587896911
8.0,0.00013605016740056794,11.442546777253199,1.7551726771802931e-06,3.425349653625204e-08,2.081913649669227e-09,0.019515741659835266,0.0011861588758399814,0.9797179759097042
8.25,0.00014341697826879664,10.747343693994745,1.8502113338825702e-06,3.3914454700530494e-08,2.2012430250681136e-09,0.018330043752009025,0.001189725186932523,0.9808539573889219
8.5,0.00015113875456131283,10.091081673201105,1.9498293720435906e-06,3.355804819704346e-08,2.327158706832977e-09,0.017210761453383846,0.0011935191561884785,0.981928315738661
8.75,0.00015922717199365555,9.47158589099747,2.0541774191656365e-06,3.318356310163779e-08,2.459993276398959e-09,0.016154185510965383,0.0011975563811806266,0.9829442058457835
9.0,0.00016769356461016776,8.886803444620995,2.1634016948773414e-06,3.279027842337705e-08,2.600092252579171e-09,0.015156814613310251,0.0012018536634855455,0.9839046305331056
9.25,0.0001765487979591268,8.334796555471675,2.2776423747758637e-06,3.2377469406435346e-08,2.747814082940447e-09,0.014215343798045345,0.0012064291187113391,0.9848124460907922
9.5,0.00018580312520680574,7.813736154847979,2.3970317341655338e-06,3.1944411378664756e-08,2.903530049656673e-09,0.013326653512071837,0.0012113022987021338,0.985670367749666
9.75,0.0001954660246109867,7.321895831274717,2.5216920513162304e-06,3.149038420419261e-08,3.0676240762036486e-09,0.012487799288480044,0.001216494327529986,0.986480975071019
10.0,0.00020554601671008782,6.857646119557754,2.6517332490344604e-06,3.1014677400862276e-08,3.240492419744507e-09,0.011696002006293517,0.0012220280531325778,0.9872467172307434
10.25,0.0002160504595346935,6.419449112865809,2.7872502527031635e-06,3.051659598653456e-08,3.4225432324271454e-09,0.010948638701149494,0.0012279282167461836,0.9879699181784324
10.5,0.00022698532011911283,6.005853380249983,2.928320042570018e-06,2.999546712107174e-08,3.6141959730764777e-09,0.010243233896916008,0.001234221642626366,0.9886527816545154
10.75,0.00023835492058793347,5.615489173071239,3.0749983780297284e-06,2.9450647613073696e-08,3.815880648920362e-09,0.00957745143005372,0.0012409374509541517,0.9892973960505567
11.0,0.0002501616571238608,5.247063904819468,3.227316172049873e-06,2.8881532361913044e-08,4.0280368650481805e-09,0.008949086740258409,0.0012481072973057111,0.9899057390995041
11.25,0.0002624056901972486,4.899357889781432,3.3852754948460646e-06,2.828756380609096e-08,4.2511126572799486e-09,0.008356059602581104,0.0012557656426344277,0.9904796823839885
11.5,0.00027508460456498026,4.57122032695297,3.5488451875538324e-06,2.7668242448110242e-08,4.485563082043409e-09,0.007796407277822553,0.0012639500583949796,0.9910209956517015
11.75,0.0002881930377387429,4.261565516500989,3.717956069126595e-06,2.7023138523607406e-08,4.731848534746217e-09,0.007268278059551025,0.0012727015722533272,0.9915313509274334
12.0,0.00030172227589409943,3.969369296968068,3.892495723189878e-06,2.6351904877996395e-08,4.990432766030455e-09,0.00676992519760591,0.0012820650608039265,0.992012326411512
12.25,0.0003156598165579281,3.6936656922859568,4.072302856305829e-06,2.5654291106903134e-08,5.261780563259749e-09,0.006299701179439121,0.0012920896968927672,0.992465410154117
12.5,0.00032998889789069986,3.433543758531511,4.257161225280319e-06,2.4930159006680688e-08,5.546355062683057e-09,0.005856052352125595,0.001302829460568022,0.9928920034942164
12.75,0.0003446879949918426,3.188144621230307,4.446793139037435e-06,2.4179499367694502e-08,5.844614656030305e-09,0.005437513869360801,0.0013143437244070783,0.9932934242506336
13.0,0.00035973028442342253,2.956658694901379,4.640852550480958e-06,2.3402450125180267e-08,6.157009453931345e-09,0.00504270494927811,0.001326697926072497,0.9936709096509172
13.25,0.00037508307909411495,2.738323077455579,4.83891776597621e-06,2.2599315859552988e-08,6.483977267647074e-09,0.004670324430486322,0.0013399643435227893,0.99402561898116
13.5,0.0003907072367983677,2.5324191130285447,5.040483814959593e-06,2.177058860925764e-08,6.825939070324868e-09,0.004319146615379453,0.0013542229914648755,0.9943586359365741
13.75,0.0004065565470930009,2.338270117868853,5.244954540081072e-06,2.091696992370078e-08,7.1832938995446874e-09,0.003988017391543962,0.0013695626615352237,0.9946709706482779
14.0,0.00042257710284441955,2.1552392650414016,5.4516344895834055e-06,2.0039394040529387e-08,7.55641316455209e-09,0.003675850624031973,0.0013860821335308423,0.9949635613561898
14.25,0.00043870666472373257,1.9827276249811439,5.659720718702893e-06,1.9139052019527643e-08,7.945634324577852e-09,0.003381624813443794,0.0014038915910322249,0.9952372756908355
14.5,0.00045487402919309154,1.820172360388762,5.868294636110038e-06,1.8217416603658144e-08,8.351253909375113e-09,0.003104380017247066,0.001423114282297007,0.9954929115178663
14.75,0.00047099841314076767,1.6670450756580237,6.076314065134331e-06,1.727626750528253e-08,8.773519859984276e-09,0.002843215034656145,0.001443888476786678,0.9957311972876549
15.0,0.0004869888713067743,1.5228503230420736,6.282605728017299e-06,1.631771673141751e-08,9.212623177258605e-09,0.002597284858836295,0.0014663697796878903,0.9959527918177786
15.25,0.000502743766009885,1.3871242702060702,6.4858584049018185e-06,1.534423346521533e-08,9.668688878427421e-09,0.0023657984043590308,0.0014907338820594842,0.9961582834176167
15.5,0.0005181503124448583,1.2594335368131795,6.6846170677468125e-06,1.435866791111986e-08,1.0141766278607813e-08,0.0021480165229509165,0.0015171798437851735,0.996348188240457
15.75,0.0005330842269548308,1.1393742115335508,6.877278342716627e-06,1.3364273388087966e-08,1.0631818635466594e-08,0.001943250326961302,0.0015459340316981947,0.9965229477177779
16.0,0.0005474095101674488,1.026571065599411,7.062087712437049e-06,1.2364725819096851e-08,1.1138712222050983e-08,0.0017508598480476703,0.0015772548679103189,0.9966829248905278
16.25,0.0005609784016571467,0.920676985091748,7.237138931096869e-06,1.1364139616732535e-08,1.1662204926122277e-08,0.001570253068916859,0.001611438586042833,0.9968283994002016
16.5,0.0005736315477689241,0.8213726519995554,7.400376189529444e-06,1.0367078805662862e-08,1.2201934515213482e-08,0.0014008853793582698,0.0016488262491949543,0.9969595608341268
16.75,0.0005851984292772438,0.7283665143855492,7.549599632407033e-06,9.378562056013905e-09,1.2757406756251316e-08,0.0012422595253602535,0.0016898123579281623,0.997076500028778
17.0,0.0005954981004707605,0.6413950996247911,7.682474893115646e-06,8.40406013122207e-09,1.3327983638160103e-08,0.0010939261433516748,0.001734855476078869,0.9971791978139455
17.25,0.000604340295799216,0.5602237429310251,7.796547370521006e-06,7.449484085638125e-09,1.3912872016655092e-08,0.0009554850027340129,0.0017844914364607215,0.9972675105176074
17.5,0.0006115269640671247,0.4846478280736983,7.889262021482467e-06,6.52116238885249e-09,1.4511113083662354e-08,0.0008265871219760936,0.0018393498712742182,0.997341151329779
17.75,0.00061685429289563,0.4144946709540232,7.95798947827873e-06,5.625805015642181e-09,1.5121573160587098e-08,0.0007069379811317634,0.0019001750632947321,0.9973996663194319
18.0,0.0006201152872849187,0.349626223408391,8.000059314441931e-06,4.77045243564498e-09,1.5742936425880278e-08,0.0005963021332895901,0.0019678524629762042,0.9974424034766151
18.25,0.0006211029649696348,0.2899428399571434,8.012801267790439e-06,3.9624073815470996e-09,1.6373700313530826e-08,0.0004945096289202925,0.0020434427070279678,0.9974684725600315
18.5,0.0006196142271246784,0.23538844279800045,7.993595176104728e-06,3.2091472884066003e-09,1.701217446014408e-08,0.00040146482498885,0.002128225671347307,0.9974766926901848
18.75,0.0006154544549826381,0.18595755323146457,7.939930277733022e-06,2.518215403112996e-09,1.7656484233193115e-08,0.0003171583773443395,0.0022237580955477014,0.9974655234203992
19.0,0.0006084428700833561,0.14170485113303305,7.849474363755967e-06,1.8970887890433105e-09,1.830458003966077e-08,0.0002416835447992412,0.0023319497830555425,0.9974329732577226
19.25,0.0005984186771050878,0.10275820989276972,7.720153026175858e-06,1.3530218274205074e-09,1.8954253788765465e-08,0.00017525842076354805,0.0024551655549442347,0.9973764770020868
19.5,0.0005852479823680344,0.0693365834440603,7.55023891299512e-06,8.928643774142638e-10,1.9603164058705623e-08,0.00011825644031972381,0.0025963634110922726,0.9972927293592126
19.75,0.0005688314469763769,0.04177477797201168,7.338450460809209e-06,5.228545372999637e-10,2.0248871686400885e-08,7.124862940647401e-05,0.002759284374070442,0.9971774562996208
20.0,0.0005491125900515376,0.020558162818270373,7.084059014176112e-06,2.483869849040991e-10,2.08888876484215e-08,3.5062805717321784e-05,0.002948717339398239,0.997025096313438
20.25,0.0005260866036493344,0.0063720008602587514,6.7870025461801505e-06,7.375920071380449e-11,2.1520735213473e-08,1.0867713723684621e-05,0.0031708747811779246,0.9968283488822388
20.5,0.0004998094761020135,0.00017272534142514273,6.448003357961242e-06,1.899519161059894e-12,2.2142028399158076e-08,2.945902871955843e-07,0.003433935618507345,0.9965775233638582
20.75,0.0004704071445448282,0.003292910129241442,6.068686154751743e-06,3.408292982091892e-11,2.275056872884634e-08,5.616195820940946e-06,0.0037488458207766743,0.9962595812435496
21.0,0.0004380843108886211,0.01759927407857618,5.6516917800562395e-06,1.6964286090727516e-10,2.3344462121214576e-08,3.0016297333466237e-05,0.004130526403367007,0.9958566956937874
21.25,0.0004031324601450234,0.045736527161433164,5.200780659444195e-06,4.056897983754029e-10,2.3922257409602535e-08,7.800555819225008e-05,0.00459974357237344,0.9953440303275217
21.5,0.00036593651885342146,0.09151461940732271,4.720918700400772e-06,7.368504674025959e-10,2.4483107425698307e-08,0.00015608200737285362,0.005186089610825085,0.9946862155303808
21.75,0.0003269794892318457,0.16054434302355158,4.218337077148704e-06,1.1550443271686913e-09,2.5026952727743826e-08,0.00027381508543395473,0.00593289542064293,0.9938315751214228
22.0,0.0002868442985939915,0.2613213053790911,3.700556089834094e-06,1.6493171473497298e-09,2.5554726834309872e-08,0.00044569440573556424,0.006905645047378692,0.9927023083553895
22.25,0.00024621202312748245,0.40715964698038526,3.1763622496273075e-06,2.205754221211959e-09,2.606858016103729e-08,0.0006944277912479179,0.00820705515061955,0.9911770543582595
22.5,0.00020585559278268848,0.6198315172733919,2.655727065980952e-06,2.807498023925669e-09,2.6572117667318584e-08,0.0010571485526087588,0.010005590562260426,0.9890583059914225
22.75,0.0001666280752887349,0.9368764867276321,2.1496558996274152e-06,3.4348964593073373e-09,2.707064242450865e-08,0.0015978819958592833,0.012593011946330859,0.986007669732638
23.0,0.00012944469065017468,1.4275110134929163,1.6699559329928e-06,4.065807780912247e-09,2.757139385290352e-08,0.0024346796826103896,0.016510252341504387,0.9814073053128779
23.25,9.525784379008622e-05,2.230995196743824,1.2289140682583967e-06,4.676086272601049e-09,2.8083765206160325e-08,0.003805055531041276,0.02285250525771938,0.9740346130911653
23.5,6.502470459151373e-05,3.662621122279636,8.388786799851338e-07,5.240268219611003e-09,2.8619480022537403e-08,0.006246753368084009,0.034116351631495255,0.9612028677241533
23.75,3.966723333484487e-05,6.567903208902344,5.117439063758508e-07,5.732469964853948e-09,2.91927018007904e-08,0.011201833365151456,0.05704552890044536,0.9361127724941403
24.0,2.0025064163376085e-05,13.906766185807387,2.583418025121315e-07,6.127498341100233e-09,2.982004529130839e-08,0.023718570829482737,0.11542864918234852,0.8778496601954697
24.25,6.802331458214536e-06,42.77455183615878,8.775635153339985e-08,6.402158046707145e-09,3.0520451864422043e-08,0.07295378550771336,0.3477862437433493,0.7038585380938032
24.5,5.103535425482315e-07,582.1107799243414,6.584031542904865e-09,6.536720396740577e-09,3.131488596489236e-08,0.9928142588843956,4.756187111320593,0.1481700691919739
24.75,1.4090563900194764e-06,210.18536000919164,1.8178127404186937e-08,6.516493551660665e-09,3.222580546164678e-08,0.35847991417200276,1.7727791617427142,0.3193603517804976
25.0,9.451083073656493e-06,30.45598555434061,1.219276910685652e-07,6.333406617368356e-09,3.327635681607485e-08,0.051943955978029706,0.2729187809958783,0.7547951739393619
