analysis_frequency_MHz,abs_chi_sc_s,abs_chi_sc_normalized,mean_field_probe_gain,mean_field_conjugate_gain,probe_gain_normalized,conjugate_gain_normalized
0.05,4.115979785000849e-11,1.0,405.6924156775448,408.07029663952756,1.0,1.0
0.09944444444444445,4.1176708309404336e-11,1.0004108489419086,407.0696362412448,409.4597297392784,1.0033947407209964,1.0034048866364271
0.1488888888888889,4.11936354658523e-11,1.0008221035479115,408.4514930838228,410.8538450355184,1.0068009095059618,1.006821247267722
0.1983333333333333,4.1210579345131065e-11,1.0012337644443159,409.8380012284415,412.25265772708843,1.0102185433858142,1.0102491191395275
0.24777777777777776,4.1227539973075075e-11,1.0016458322587842,411.2291757409336,413.6561830561586,1.01364767949665,1.0136885396036688
0.2972222222222222,4.1244517375574314e-11,1.0020583076203278,412.6250317298398,415.06443630827516,1.0170883550798377,1.0171395461182657
0.3466666666666666,4.1261511578575617e-11,1.0024711911593391,414.02558434655504,416.47743281249933,1.0205406074823782,1.020602176248075
0.3961111111111111,4.127852260808133e-11,1.0028844835075597,415.4308487853003,417.8951879413929,1.0240044741568348,1.0240764676644531
0.44555555555555554,4.129555049015088e-11,1.0032981852981175,416.84084028325555,419.31771711113953,1.0274799926616618,1.0275624581456548
0.495,4.131259525090044e-11,1.0037122971655197,418.2555741206247,420.7450357816249,1.0309672006613637,1.0310601855770298
0.5444444444444445,4.1329656916502266e-11,1.0041268197456352,419.6750656206141,422.17715945640776,1.034466135926443,1.0345696879509503
0.5938888888888889,4.1346735513186555e-11,1.0045417536757417,421.099330149633,423.61410368293,1.037976836333894,1.0380910033673272
0.6433333333333333,4.1363831067239516e-11,1.0049570995944768,422.52838311720524,425.05588405242776,1.0414993398669847,1.0416241700333915
0.6927777777777778,4.138094360500543e-11,1.0053728581418893,423.9622399761618,426.50251620012466,1.0450336846157322,1.0451692262641683
0.7422222222222222,4.139807315288616e-11,1.0057890299594272,425.40091622265743,427.9540158052516,1.0485799087769427,1.048726210482525
0.7916666666666667,4.1415219737340245e-11,1.0062056156899153,426.84442739615184,429.41039859103216,1.0521380506541667,1.0522951612191356
0.8411111111111111,4.1432383384885386e-11,1.0066226159776155,428.2927890796378,430.8716803249067,1.0557081486582596,1.05587611711303
0.8905555555555555,4.144956412209563e-11,1.0070400314681593,429.7460168995124,432.33787681842125,1.0592902413070648,1.0594691169113215
0.9400000000000001,4.146676197560442e-11,1.0074578628086208,431.20412652580717,433.80900392744144,1.0628843672259818,1.063074199469731
0.9894444444444445,4.148397697210303e-11,1.007876110647479,432.66713367214203,435.28507755211814,1.066490565147852,1.0666914037525035
1.038888888888889,4.1501209138340935e-11,1.0082947756346274,434.1350540957805,436.7661136369434,1.0701088739130946,1.0703207688325438
1.0883333333333334,4.1518458501126905e-11,1.0087138584214,435.6079035978084,438.25212817093626,1.0737393324701472,1.0739623338918738
1.1377777777777778,4.1535725087327364e-11,1.0091333596605307,437.0856980229776,439.74313718747953,1.0773819798750812,1.0776161382212301
1.1872222222222222,4.1553008923868855e-11,1.0095532800062157,438.5684532600042,441.2391567646267,1.0810368552923362,1.0812822212208186
1.2366666666666666,4.1570310037736564e-11,1.009973620114074,440.0561852414707,442.7402030250072,1.0847039979944786,1.0849606224000803
1.2861111111111112,4.1587628455974785e-11,1.0103943806411626,441.54890994389075,444.2462921358859,1.0883834473623626,1.0886513813778382
1.3355555555555556,4.160496420568757e-11,1.0108155622459887,443.04664338785597,445.7574403093284,1.0920752428854903,1.0923545378827024
1.385,4.162231731403818e-11,1.011237165588499,444.5494016379467,447.27366380208815,1.0957794241617929,1.0960701317527926
1.4344444444444444,4.163968780825038e-11,1.0116591913301098,446.0572008029654,448.794978915871,1.0994960308982054,1.0997982029363875
1.4838888888888888,4.165707571560747e-11,1.0120816401336838,447.57005703584616,450.3214019972268,1.1032251029104445,1.1035387914916586
1.5333333333333334,4.167448106345266e-11,1.0125045126635397,449.08798653374186,451.85294943765035,1.1069666801232219,1.1072919375869168
1.5827777777777778,4.169190387919007e-11,1.0129278095854757,450.61100553812395,453.389637673671,1.1107208025704913,1.111057681500834
1.6322222222222222,4.170934419028402e-11,1.0133515315667523,452.139130334803,454.9314831868946,1.1144875103954994,1.1148360636225436
1.6816666666666666,4.1726802024259394e-11,1.013775679276102,453.67237725393966,456.47850250399483,1.1182668438508119,1.1186271244516213
1.731111111111111,4.174427740870211e-11,1.0142002533837395,455.2107626701871,458.03071219687985,1.1220588432986651,1.122430904598492
1.7805555555555557,4.176177037125894e-11,1.0146252545613588,456.7543030026316,459.5881288826144,1.1258635492108193,1.1262474447842392
1.83,4.177928093963797e-11,1.0150506834821433,458.30301471494107,461.15076922358855,1.1296810021689254,1.1300767858410192
1.8794444444444445,4.1796809141609075e-11,1.0154765408207769,459.8569143153817,462.7186499275244,1.1335112428645655,1.133918968712077
1.9288888888888889,4.181435500500272e-11,1.0159028272534165,461.4160183567908,464.2917877474573,1.1373543120991856,1.1377740344517
1.9783333333333333,4.183191855771215e-11,1.0163295434577437,462.9803434367762,465.87019948194217,1.141210250784588,1.1416420242257246
2.0277777777777777,4.1849499827691834e-11,1.0167566901129277,464.54990619757973,467.45390197489775,1.1450790999425942,1.1455229793111534
2.077222222222222,4.1867098842958525e-11,1.0171842678996512,466.1247233262934,469.04291211586116,1.1489609007055774,1.1494169410967794
2.1266666666666665,4.188471563159165e-11,1.0176122775001193,467.70481155481485,470.6372468399127,1.1528556943163542,1.1533239510830022
2.176111111111111,4.1902350221732405e-11,1.0180407195980377,469.2901876598648,472.23692312771203,1.1567635221282253,1.1572440508819162
2.2255555555555553,4.1920002641585146e-11,1.0184695948786469,470.88086846311444,473.84195800562526,1.1606844256052922,1.1611772822176216
2.275,4.193767291941676e-11,1.0188989040287064,472.4768708311516,475.4523685456914,1.1646184463223708,1.1651236869261434
2.324444444444444,4.195536108355739e-11,1.0193286477365129,474.0782116756012,477.0681718657525,1.1685656259652912,1.1690833069557494
2.3738888888888887,4.197306716240057e-11,1.0197588266919029,475.68490795310413,478.6893851294204,1.1725260063308436,1.1730561843668685
2.423333333333333,4.1990791184402385e-11,1.0201894415862327,477.29697666533076,480.3160255461096,1.176499629326813,1.1770423613321725
2.4727777777777775,4.2008533178083377e-11,1.0206204931124245,478.9144348591406,481.9481103711891,1.1804865369723714,1.1810418801369464
2.522222222222222,4.202629317202744e-11,1.02105198196494,480.537299626483,483.5856569058826,1.184486771397834,1.1850547831788458
2.5716666666666663,4.204407119488221e-11,1.021483908839789,482.1655881045252,485.2286824974149,1.1885003748449747,1.189081112968254
2.621111111111111,4.206186727536035e-11,1.0219162744345613,483.7993174757061,486.8772045390493,1.1925273896671582,1.1931209121283741
2.670555555555555,4.2079681442237557e-11,1.0223490794483792,485.438504967629,488.53124046999324,1.196567858329076,1.197174223394999
2.7199999999999998,4.209751372435516e-11,1.022782324581958,487.08316785329947,490.190807775638,1.200621823407333,1.2012410896170969
2.7694444444444444,4.211536415061828e-11,1.0232160105375636,488.7333234509802,491.855923987414,1.2046893275900887,1.2053215537564577
2.8188888888888886,4.2133232749997584e-11,1.0236501380190548,490.3889891243524,493.52660668295437,1.2087704136774564,1.2094156588880944
2.868333333333333,4.215111955152878e-11,1.0240847077318695,492.0501822825016,495.2028734860845,1.212865124581467,1.213523448200216
2.9177777777777774,4.216902458431238e-11,1.0245197203830212,493.71692037991204,496.8847420668206,1.2169735033260556,1.2176449649942251
2.967222222222222,4.218694787751489e-11,1.024955176681126,495.38922091657474,498.57223014147604,1.2210955930473282,1.2217802526849784
3.0166666666666666,4.2204889460367995e-11,1.0253910773363841,497.0671014379309,500.2653554726095,1.225231436993422,1.225929354800659
3.066111111111111,4.222284936216952e-11,1.0258274230606022,498.7505795349863,501.9641358691438,1.2293810785247872,1.230092314983068
3.1155555555555554,4.224082761228357e-11,1.026264214567197,500.4396728443202,503.668589186376,1.233544561114209,1.2342691769876504
3.1649999999999996,4.2258824240139797e-11,1.0267014525711786,502.1343990480183,505.37873332590885,1.2377219283466423,1.2384599846833242
3.214444444444444,4.2276839275235236e-11,1.0271391377891939,503.83477587387074,507.09458623585584,1.2419132239197002,1.242664782052986
3.263888888888889,4.229487274713248e-11,1.027577270939482,505.54082109519663,508.8161659106667,1.2461184916432209,1.2468836131930816
3.313333333333333,4.231292468546178e-11,1.0280158527419263,507.2525525310778,510.54349039137145,1.250337775439844,1.2511165223142042
3.3627777777777776,4.233099511992051e-11,1.028454883918041,508.9699880462511,512.2765777654562,1.2545711193447455,1.2553635537407912
3.412222222222222,4.234908408027225e-11,1.0288943651909483,510.6931455510902,514.0154461668674,1.2588185675055923,1.259624751911133
3.4616666666666664,4.236719159634915e-11,1.0293342972854373,512.4220430017914,515.7601137761891,1.2630801641830007,1.2639001613778085
3.511111111111111,4.2385317698050675e-11,1.029774680927932,514.1566984002701,517.5105988205449,1.2673559537502808,1.2681898268074445
3.5605555555555553,4.2403462415343566e-11,1.0302155168464904,515.8971297941774,519.2669195736194,1.2716459806934777,1.2724937929807676
3.61,4.242162577826352e-11,1.0306568057708467,517.643355277011,521.0290943557644,1.2759502896116446,1.276812104792866
3.659444444444444,4.2439807816913456e-11,1.031098548432368,519.3953929880092,522.7971415339082,1.2802689252165824,1.281144807252966
3.7088888888888887,4.2458008561465535e-11,1.0315407455641032,521.153261112277,524.5710795216673,1.2846019323331488,1.285491945484706
3.7583333333333333,4.247622804216051e-11,1.0319833979007684,522.9169778807835,526.3509267793648,1.2889493558992535,1.2898535647261813
3.8077777777777775,4.249446628930748e-11,1.0324265061787399,524.6865615702689,528.1367018139205,1.293311240965628,1.2942297103296754
3.857222222222222,4.251272333328516e-11,1.0328700711360852,526.4620305034339,529.9284231790646,1.2976876326962938,1.298620427762184
3.9066666666666663,4.253099920454096e-11,1.0333140935125409,528.2434030487702,531.7261094751501,1.3020785763681426,1.3030257626049537
3.956111111111111,4.254929393359242e-11,1.0337585740495476,530.0306976207252,533.5297793493287,1.3064841173713433,1.3074457605539147
4.0055555555555555,4.256760755102655e-11,1.0342035134902337,531.8239326796413,535.3394514955004,1.310904301209193,1.3118804674195563
4.055,4.258594008749968e-11,1.0346489125794114,533.6231267317266,537.1551446542785,1.315339173498044,1.3163299291268415
4.104444444444444,4.2604291573739383e-11,1.035094772063624,535.4282983291741,538.9768776131033,1.3197887799675974,1.3207941917154857
4.153888888888889,4.262266204054224e-11,1.0355410926910915,537.2394660700172,540.8046692061197,1.3242531664605472,1.3252733013396567
4.203333333333333,4.264105151877629e-11,1.0359878752117704,539.0566485982871,542.6385383143219,1.3287323789329692,1.329767304268329
4.252777777777777,4.265946003938029e-11,1.036435120377334,540.8798646039448,544.4785038654919,1.3332264634541522,1.3342762468851335
4.302222222222222,4.267788763336321e-11,1.0368828289411631,542.7091328228441,546.3245848341727,1.3377354662065064,1.3388001756882915
4.351666666666667,4.2696334331806134e-11,1.0373310016583894,544.544472036834,548.1768002417555,1.3422594334858173,1.3433391372908285
4.401111111111111,4.271480016586072e-11,1.0377796392858596,546.3859010736429,550.035169156386,1.34679841170096,1.3478931784203454
4.450555555555555,4.273328516675075e-11,1.0382287425821732,548.2334388069914,551.8997106930688,1.3513524473741754,1.3524623459192722
4.5,4.27517893657719e-11,1.0386783123076753,550.0871041565421,553.7704440136226,1.355921587140949,1.357046686744761
